study_id,report_idx,Split,text_len,drop_reason,text
AC4214d72,20729,train,989,duplicate_study_id__shorter_text,"FINDINGS:   Lower thorax: No focal consolidations or pleural effusions.   Liver and biliary tree: Normal.   Gallbladder: Surgically absent.   Spleen: Normal.   Pancreas: Normal.   Adrenal glands: Normal.   Kidneys and ureters: Normal.   Gastrointestinal tract: Normal. Appendix is not identified.   Peritoneal cavity: No free fluid.   Bladder: Normal.   Uterus and ovaries: Surgically absent.   Vasculature: Patent.   Lymph nodes: Normal.   Abdominal wall: Metallic foreign body subcutaneous fat anterior chest  in the midline was also present on prior MRI.    Musculoskeletal: Mild degenerative changes in spine. No acute  fractures.
1.  Negative for evidence of acute abdominal injury.
2.  Partially visualized metallic foreign body in the subcutaneous  fat of anterior inferior chest wall that was also present on prior  MRI from <DATE>. Recommend clinical correlation.   There are no substantial differences between the preliminary results  and the impressions in this final report.   "
AC423c4f0,19623,train,1592,duplicate_study_id__shorter_text,"FINDINGS:   1 mm subpleural nodular density in the lateral segment of the right  middle lobe on series 2 image
4.  The lung bases are otherwise clear.   The heart is not enlarged.  There is no pleural or pericardial  effusion in the provided images.     The liver demonstrates homogeneous enhancement, with no focal lesion  or intrahepatic biliary dilatation.  The gallbladder contains  hypodense bile, with no radiodense stone or wall thickening.  The  pancreas homogeneously enhances, and there is no ductal dilatation or  peripancreatic fluid.  The spleen is also homogeneously enhancing,  with no focal lesion.  The adrenal glands are unremarkable.  The  kidneys are homogeneously enhancing, with no focal lesion or  hydronephrosis.  The bladder urinary bladder is decompressed.  There  is a small amount of dependent free fluid in the pelvis.  A  nondilated air-filled appendix is identified, best delineated on  series 4, images 173 -- 198.   There is no dilated loop of bowel or bowel wall thickening.  There is  moderate stool throughout the colon.  Patent major intra-abdominal  vasculature is present.  There are no enlarged lymph nodes in the  abdomen or pelvis.    There is no aggressive lytic or sclerotic osseous lesion.   IMPRESSION:
SMALL AMOUNT OF FREE FLUID IN THE PELVIS, WHICH IS OF UNCERTAIN  SIGNIFICANCE.  THE APPENDIX IS AIR-FILLED AND NONDILATED, AND THERE  IS NO EVIDENCE OF APPENDICITIS.  THERE IS A MODERATE AMOUNT OF STOOL  IN THE COLON.   Preliminary results were provided by <HCW> <DELETED> <DELETED> <DATE> at <TIME>.
SUMMARY: 2-ABNORMAL, PREVIOUSLY REPORTED  "
AC4242d57,16353,train,2846,duplicate_study_id__shorter_text,"FINDINGS:   Lower thorax: Right lower lobe periosteophyte stranding. Linear  scarring versus atelectasis in the lung bases.   Liver and biliary tree: Diffuse hepatic steatosis, mild in severity.  Previously described hypoattenuating lesion, possibly hemangioma  within the right hepatic lobe is difficult to visualize given the  background of diffuse fatty infiltration. No biliary ductal  dilatation.   Gallbladder: Dependent density could represent sludge or tiny stones.  No evidence of cholecystitis.   Spleen: Normal.   Pancreas: Mild fatty atrophy of the head and body.   Adrenal glands: Normal.   Kidneys and ureters: Severe atrophy of the right kidney. Previously  described layering hyperdense material in the right renal collecting  system not well seen on this exam. Urothelial thickening persists.  Similar-appearing hypoattenuating lesions in the left kidney.  Unchanged nonobstructing calculi in the left kidney lower pole  collecting system measuring up to 12 mm (6-277). No evidence of  hydronephrosis. Similar-appearing perinephric stranding on the left,  nonspecific. The left kidney appears to enhance and excrete contrast  normally. There is minimal excretion of contrast on the right.   Gastrointestinal tract: Status post sleeve gastrectomy. No evidence  of bowel obstruction. The appendix is surgically absent.   Peritoneal cavity: No free fluid.   Bladder: Normal.   Prostate and seminal vesicles: Normal.   Vasculature: Patent.   Lymph nodes: Mildly enlarged porta hepatis lymph node measuring 1.3  cm in the short axis and retrocaval lymph node measuring 1.1 cm in  short axis, stable compared to prior, likely reactive. Prominent  bilateral inguinal lymph nodes.   Abdominal wall: Minimal infiltrative changes seen within the anterior  abdominal wall subcutaneous soft tissues.   Musculoskeletal: Degenerative change of the spine. Please refer to  the dedicated CT of the lumbar spine for more detailed evaluation.
1.  Part of the abdominal wall is excluded from the field of view.
2.  No acute traumatic findings within the abdomen or pelvis. Please  refer to the dedicated CT of the lumbar spine for more detailed  evaluation.
3.  Similar-appearing severely atrophic right kidney with minimal  excretion of contrast and suggestion of urothelial thickening,  probably chronic in nature. Previously identified layering debris  within the right ureter not well seen on today's examination.
4.  Unchanged nonobstructive left kidney lower pole nephrolithiasis.
5.  Hepatomegaly measuring 17.8 cm in the craniocaudal dimension with  mild steatosis. Previously described hypoattenuating lesion within  the right hepatic lobe, possibly a hemangioma is not well seen given  the background of fatty infiltration.   There are no substantial differences between the preliminary results  and the impressions in this final report. "
AC4242d57,11233,train,171,duplicate_study_id__shorter_text,FINDINGS: -no acute intraabdominal findings -stable left renal stones. no hydronephrosis.  -unchanged atrophic right kidney. stable very mild right urothelial  thickening.
AC4242d57,25475,train,171,duplicate_study_id__shorter_text,FINDINGS: -no acute intraabdominal findings -stable left renal stones. no hydronephrosis.  -unchanged atrophic right kidney. stable very mild right urothelial  thickening.
AC423cebf,11182,val,432,cross_split_text_collision,"FINDINGS: Lower thorax: Normal. Liver and biliary tree: Normal. Gallbladder: Normal. Spleen: Normal. Pancreas: Normal. Adrenal glands: Normal. Kidneys and ureters: Normal. Gastrointestinal tract: Normal. Peritoneal cavity: No free fluid. Bladder: Normal. Uterus: Normal. Ovaries: Normal. Vasculature: Patent. Lymph nodes: Normal. Abdominal wall: Normal. Musculoskeletal: Normal. IMPRESSION:
1.  Normal CT of the abdomen and pelvis. "
AC4242a35,11683,val,568,cross_split_text_collision,"FINDINGS: Lower thorax: Normal. Liver and biliary tree: Normal. Gallbladder: Normal. Spleen: Normal. Pancreas: Normal. Adrenal glands: Normal. Kidneys and ureters: Normal. Gastrointestinal tract: Normal. Peritoneal cavity: No free fluid. Bladder: Normal. Prostate and seminal vesicles: Normal. Vasculature: Patent. Lymph nodes: Normal. Abdominal wall: Normal. Musculoskeletal: Normal. IMPRESSION:
1.  No acute traumatic injury within the abdomen or pelvis. There are no substantial differences between the preliminary results and the impressions in this final report. "
AC42440ff,2471,val,839,cross_split_text_collision,"FINDINGS:   Lower thorax: Normal heart size. No pericardial effusion. Bibasilar  atelectasis.   Liver and biliary tree: Normal.   Gallbladder: Normal.   Spleen: Splenomegaly, with the spleen measuring 14.8 cm in maximum  diameter.   Pancreas: Normal.   Adrenal glands: Normal.   Kidneys and ureters: Normal.   Gastrointestinal tract: No bowel obstruction or dilatation. Normal  appendix.   Peritoneal cavity: No free fluid.   Bladder: Normal.   Prostate and seminal vesicles: Normal.   Vasculature: Patent.   Lymph nodes: Normal.   Abdominal wall: Normal.   Musculoskeletal: Bilateral pars defects at L5 with minimal  anterolisthesis.   :
1.  No CT evidence of acute pathology within the abdomen or pelvis.
2.  Splenomegaly.   There are no substantial differences between the preliminary results  and the impressions in this final report. "
